Workbook

Sheet Test Execution
A1: BRAINBOOT — QA Test Execution Tracker
A2: Environment: testing.brainboot.co.in | Date: 2026-03-24 | 60 Test Cases | 3 Testers
A4: TC ID | B4: Module | C4: Type | D4: Scenario | E4: What To Do | F4: Expected Result | G4: Assigned To | H4: Tester Code | I4: Status | J4: Bug ID | K4: Remarks
A5: TC-001 | B5: Registration | C5: USE CASE | D5: Register a new account end-to-end | E5: Go to /auth/register. Enter valid email. Receive OTP. Enter OTP. Capture face. Fill profile. Submit. | F5: Account created. Redirected to dashboard. All 4 steps green. | G5: Dhivya | H5: T01 | J5: =IF(I5="FAIL",H5&"-"&TEXT(COUNTIF(H$5:H5,H5)-COUNTIF(I$5:I5,"PASS")-COUNTIF(I$5:I5,""),"000"),"")
A6: TC-002 | B6: Registration | C6: NEGATIVE | D6: Register with already-used email | E6: Try to register with same email again. | F6: Error: account already exists. Cannot proceed. | G6: Dhivya | H6: T01 | J6: =IF(I6="FAIL",H6&"-"&TEXT(COUNTIF(H$5:H6,H6)-COUNTIF(I$5:I6,"PASS")-COUNTIF(I$5:I6,""),"000"),"")
A7: TC-003 | B7: Registration | C7: USE CASE | D7: OTP arrives and works within 5 min | E7: Request OTP. Check email. Enter 6-digit code within 5 min. | F7: OTP accepted. Move to face capture step. | G7: Dhivya | H7: T01 | J7: =IF(I7="FAIL",H7&"-"&TEXT(COUNTIF(H$5:H7,H7)-COUNTIF(I$5:I7,"PASS")-COUNTIF(I$5:I7,""),"000"),"")
A8: TC-004 | B8: Registration | C8: NEGATIVE | D8: Enter wrong OTP 3 times | E8: Request OTP. Enter wrong code 3 times. | F8: Blocked 1 hour. Countdown timer shown. | G8: Dhivya | H8: T01 | J8: =IF(I8="FAIL",H8&"-"&TEXT(COUNTIF(H$5:H8,H8)-COUNTIF(I$5:I8,"PASS")-COUNTIF(I$5:I8,""),"000"),"")
A9: TC-005 | B9: Registration | C9: USE CASE | D9: Face capture completes (2 photos) | E9: Allow camera. Position face. Capture 2 snapshots. | F9: Both photos captured. Proceed to profile form. | G9: Dhivya | H9: T01 | J9: =IF(I9="FAIL",H9&"-"&TEXT(COUNTIF(H$5:H9,H9)-COUNTIF(I$5:I9,"PASS")-COUNTIF(I$5:I9,""),"000"),"")
A10: TC-006 | B10: Registration | C10: NEGATIVE | D10: Deny camera permission | E10: Block/deny camera when requested. | F10: Error message. Retry option. Cannot skip face. | G10: Dhivya | H10: T01 | J10: =IF(I10="FAIL",H10&"-"&TEXT(COUNTIF(H$5:H10,H10)-COUNTIF(I$5:I10,"PASS")-COUNTIF(I$5:I10,""),"000"),"")
A11: TC-007 | B11: Registration | C11: USE CASE | D11: Profile form accepts valid data | E11: Enter valid name, phone, state, exam year. | F11: Form validates. Submit enabled. Profile saved. | G11: Dhivya | H11: T01 | J11: =IF(I11="FAIL",H11&"-"&TEXT(COUNTIF(H$5:H11,H11)-COUNTIF(I$5:I11,"PASS")-COUNTIF(I$5:I11,""),"000"),"")
A12: TC-008 | B12: Registration | C12: NEGATIVE | D12: Enter invalid name (numbers/symbols) | E12: Type 'John123' or 'Test@User' in name field. | F12: Validation error: letters/spaces/hyphens only. | G12: Dhivya | H12: T01 | J12: =IF(I12="FAIL",H12&"-"&TEXT(COUNTIF(H$5:H12,H12)-COUNTIF(I$5:I12,"PASS")-COUNTIF(I$5:I12,""),"000"),"")
A13: TC-009 | B13: Login | C13: USE CASE | D13: Login with valid credentials | E13: Enter registered email + password. Submit. | F13: Logged in. Redirected to dashboard. | G13: Dhivya | H13: T01 | J13: =IF(I13="FAIL",H13&"-"&TEXT(COUNTIF(H$5:H13,H13)-COUNTIF(I$5:I13,"PASS")-COUNTIF(I$5:I13,""),"000"),"")
A14: TC-010 | B14: Login | C14: NEGATIVE | D14: Login with wrong password | E14: Enter email + wrong password. Submit. | F14: Error: Invalid credentials. Stay on login. | G14: Dhivya | H14: T01 | J14: =IF(I14="FAIL",H14&"-"&TEXT(COUNTIF(H$5:H14,H14)-COUNTIF(I$5:I14,"PASS")-COUNTIF(I$5:I14,""),"000"),"")
A15: TC-011 | B15: Login | C15: USE CASE | D15: Forgot password recovery | E15: Click Forgot Password. Enter email. Use reset link. Set new password. | F15: Reset email received. New password works. | G15: Dhivya | H15: T01 | J15: =IF(I15="FAIL",H15&"-"&TEXT(COUNTIF(H$5:H15,H15)-COUNTIF(I$5:I15,"PASS")-COUNTIF(I$5:I15,""),"000"),"")
A16: TC-012 | B16: Login | C16: NEGATIVE | D16: Access dashboard without login | E16: Type /app or /app/profile in URL bar without logging in. | F16: Redirected to login page. | G16: Dhivya | H16: T01 | J16: =IF(I16="FAIL",H16&"-"&TEXT(COUNTIF(H$5:H16,H16)-COUNTIF(I$5:I16,"PASS")-COUNTIF(I$5:I16,""),"000"),"")
... A64: TC-060 | B64: Cross-Browser | C64: NEGATIVE | D64: Chrome vs Edge consistency | E64: Open on Chrome and Edge. Navigate. | F64: Identical behavior. No layout breaks. | G64: Mugilan | H64: T03 | J64: =IF(I64="FAIL",H64&"-"&TEXT(COUNTIF(H$5:H64,H64)-COUNTIF(I$5:I64,"PASS")-COUNTIF(I$5:I64,""),"000"),"")

Sheet Bug Log
A1: BUG LOG — Auto-generated from Test Failures
A2: Bugs are auto-indexed below. Fill Description, Severity, and Screenshots for each failure.
A4: # | B4: Bug ID | C4: TC ID | D4: Module | E4: Tester | F4: Scenario | G4: Severity | H4: Description / Steps to Reproduce | I4: Screenshot Link
A5: 1
A6: 2
A7: 3
A8: 4
A9: 5
A10: 6
A11: 7
A12: 8
A13: 9
A14: 10
A15: 11
A16: 12
... A34: 30

Sheet Dashboard
A1: QA DASHBOARD — Test Execution Summary
A2: Auto-calculated from Test Execution sheet. All counts update in real-time.
A4: OVERALL SUMMARY | D4: PER TESTER BREAKDOWN
A5: Metric | B5: Count | D5: Tester | E5: Total | F5: Pass | G5: Fail | H5: Bugs
A6: Total Test Cases | B6: =COUNTA('Test Execution'!A5:A64) | D6: Dhivya (T01) | E6: =COUNTIF('Test Execution'!H5:H64,"T01") | F6: =COUNTIFS('Test Execution'!H5:H64,"T01",'Test Execution'!I5:I64,"PASS") | G6: =COUNTIFS('Test Execution'!H5:H64,"T01",'Test Execution'!I5:I64,"FAIL") | H6: =COUNTIFS('Test Execution'!H5:H64,"T01",'Test Execution'!I5:I64,"FAIL")
A7: Executed | B7: =COUNTIF('Test Execution'!I5:I64,"PASS")+COUNTIF('Test Execution'!I5:I64,"FAIL")+COUNTIF('Test Execution'!I5:I64,"BLOCKED") | D7: Divish (T02) | E7: =COUNTIF('Test Execution'!H5:H64,"T02") | F7: =COUNTIFS('Test Execution'!H5:H64,"T02",'Test Execution'!I5:I64,"PASS") | G7: =COUNTIFS('Test Execution'!H5:H64,"T02",'Test Execution'!I5:I64,"FAIL") | H7: =COUNTIFS('Test Execution'!H5:H64,"T02",'Test Execution'!I5:I64,"FAIL")
A8: Not Executed | B8: =COUNTIF('Test Execution'!I5:I64,"")+COUNTIF('Test Execution'!I5:I64,"SKIPPED") | D8: Mugilan (T03) | E8: =COUNTIF('Test Execution'!H5:H64,"T03") | F8: =COUNTIFS('Test Execution'!H5:H64,"T03",'Test Execution'!I5:I64,"PASS") | G8: =COUNTIFS('Test Execution'!H5:H64,"T03",'Test Execution'!I5:I64,"FAIL") | H8: =COUNTIFS('Test Execution'!H5:H64,"T03",'Test Execution'!I5:I64,"FAIL")
A9: PASS | B9: =COUNTIF('Test Execution'!I5:I64,"PASS")
A10: FAIL | B10: =COUNTIF('Test Execution'!I5:I64,"FAIL")
A11: BLOCKED | B11: =COUNTIF('Test Execution'!I5:I64,"BLOCKED") | D11: BY SCENARIO TYPE
A12: SKIPPED | B12: =COUNTIF('Test Execution'!I5:I64,"SKIPPED") | D12: Type | E12: Total | F12: Pass | G12: Fail
A13: Pass Rate (%) | B13: =IF(B9+B10>0,ROUND(B9/(B9+B10)*100,1),0) | D13: USE CASE | E13: =COUNTIF('Test Execution'!C5:C64,"USE CASE") | F13: =COUNTIFS('Test Execution'!C5:C64,"USE CASE",'Test Execution'!I5:I64,"PASS") | G13: =COUNTIFS('Test Execution'!C5:C64,"USE CASE",'Test Execution'!I5:I64,"FAIL")
D14: NEGATIVE | E14: =COUNTIF('Test Execution'!C5:C64,"NEGATIVE") | F14: =COUNTIFS('Test Execution'!C5:C64,"NEGATIVE",'Test Execution'!I5:I64,"PASS") | G14: =COUNTIFS('Test Execution'!C5:C64,"NEGATIVE",'Test Execution'!I5:I64,"FAIL")
A16: PER MODULE BREAKDOWN | D16: BY SCENARIO TYPE
A17: Module | B17: Total | C17: Pass | D17: Fail | E17: Pass Rate | G17: Type | H17: Total | I17: Pass | J17: Fail
A18: Registration | B18: =COUNTIF('Test Execution'!B5:B64,"Registration") | C18: =COUNTIFS('Test Execution'!B5:B64,"Registration",'Test Execution'!I5:I64,"PASS") | D18: =COUNTIFS('Test Execution'!B5:B64,"Registration",'Test Execution'!I5:I64,"FAIL") | E18: =IF(C18+D18>0,ROUND(C18/(C18+D18)*100,1)&"%","—")
A19: Login | B19: =COUNTIF('Test Execution'!B5:B64,"Login") | C19: =COUNTIFS('Test Execution'!B5:B64,"Login",'Test Execution'!I5:I64,"PASS") | D19: =COUNTIFS('Test Execution'!B5:B64,"Login",'Test Execution'!I5:I64,"FAIL") | E19: =IF(C19+D19>0,ROUND(C19/(C19+D19)*100,1)&"%","—")
A20: Session | B20: =COUNTIF('Test Execution'!B5:B64,"Session") | C20: =COUNTIFS('Test Execution'!B5:B64,"Session",'Test Execution'!I5:I64,"PASS") | D20: =COUNTIFS('Test Execution'!B5:B64,"Session",'Test Execution'!I5:I64,"FAIL") | E20: =IF(C20+D20>0,ROUND(C20/(C20+D20)*100,1)&"%","—")
A21: Dashboard | B21: =COUNTIF('Test Execution'!B5:B64,"Dashboard") | C21: =COUNTIFS('Test Execution'!B5:B64,"Dashboard",'Test Execution'!I5:I64,"PASS") | D21: =COUNTIFS('Test Execution'!B5:B64,"Dashboard",'Test Execution'!I5:I64,"FAIL") | E21: =IF(C21+D21>0,ROUND(C21/(C21+D21)*100,1)&"%","—")
A22: Tour Guide | B22: =COUNTIF('Test Execution'!B5:B64,"Tour Guide") | C22: =COUNTIFS('Test Execution'!B5:B64,"Tour Guide",'Test Execution'!I5:I64,"PASS") | D22: =COUNTIFS('Test Execution'!B5:B64,"Tour Guide",'Test Execution'!I5:I64,"FAIL") | E22: =IF(C22+D22>0,ROUND(C22/(C22+D22)*100,1)&"%","—")
A23: Chatbot | B23: =COUNTIF('Test Execution'!B5:B64,"Chatbot") | C23: =COUNTIFS('Test Execution'!B5:B64,"Chatbot",'Test Execution'!I5:I64,"PASS") | D23: =COUNTIFS('Test Execution'!B5:B64,"Chatbot",'Test Execution'!I5:I64,"FAIL") | E23: =IF(C23+D23>0,ROUND(C23/(C23+D23)*100,1)&"%","—")
A24: Referrals | B24: =COUNTIF('Test Execution'!B5:B64,"Referrals") | C24: =COUNTIFS('Test Execution'!B5:B64,"Referrals",'Test Execution'!I5:I64,"PASS") | D24: =COUNTIFS('Test Execution'!B5:B64,"Referrals",'Test Execution'!I5:I64,"FAIL") | E24: =IF(C24+D24>0,ROUND(C24/(C24+D24)*100,1)&"%","—")
A25: Profile | B25: =COUNTIF('Test Execution'!B5:B64,"Profile") | C25: =COUNTIFS('Test Execution'!B5:B64,"Profile",'Test Execution'!I5:I64,"PASS") | D25: =COUNTIFS('Test Execution'!B5:B64,"Profile",'Test Execution'!I5:I64,"FAIL") | E25: =IF(C25+D25>0,ROUND(C25/(C25+D25)*100,1)&"%","—")
A26: Sample Test | B26: =COUNTIF('Test Execution'!B5:B64,"Sample Test") | C26: =COUNTIFS('Test Execution'!B5:B64,"Sample Test",'Test Execution'!I5:I64,"PASS") | D26: =COUNTIFS('Test Execution'!B5:B64,"Sample Test",'Test Execution'!I5:I64,"FAIL") | E26: =IF(C26+D26>0,ROUND(C26/(C26+D26)*100,1)&"%","—")
A27: Gold Planner | B27: =COUNTIF('Test Execution'!B5:B64,"Gold Planner") | C27: =COUNTIFS('Test Execution'!B5:B64,"Gold Planner",'Test Execution'!I5:I64,"PASS") | D27: =COUNTIFS('Test Execution'!B5:B64,"Gold Planner",'Test Execution'!I5:I64,"FAIL") | E27: =IF(C27+D27>0,ROUND(C27/(C27+D27)*100,1)&"%","—")
A28: PWA | B28: =COUNTIF('Test Execution'!B5:B64,"PWA") | C28: =COUNTIFS('Test Execution'!B5:B64,"PWA",'Test Execution'!I5:I64,"PASS") | D28: =COUNTIFS('Test Execution'!B5:B64,"PWA",'Test Execution'!I5:I64,"FAIL") | E28: =IF(C28+D28>0,ROUND(C28/(C28+D28)*100,1)&"%","—")
A29: Cross-Browser | B29: =COUNTIF('Test Execution'!B5:B64,"Cross-Browser") | C29: =COUNTIFS('Test Execution'!B5:B64,"Cross-Browser",'Test Execution'!I5:I64,"PASS") | D29: =COUNTIFS('Test Execution'!B5:B64,"Cross-Browser",'Test Execution'!I5:I64,"FAIL") | E29: =IF(C29+D29>0,ROUND(C29/(C29+D29)*100,1)&"%","—")
A32: DEPLOYMENT VERDICT
A33: =IF(B10=0,IF(B9>0,"GO FOR PRODUCTION","TESTING NOT STARTED"),"NO-GO — "&B10&" FAILURE(S) FOUND")
